u,v,key,osmid,oneway,lanes,highway,reversed,length,geometry,ref,name,maxspeed,bridge
279961537,1476460594,0,134218042,True,2,trunk_link,False,105.78,"LINESTRING (114.0135251 22.565275, 114.013616 22.5649137, 114.0137583 22.5643484)",,,,
279961537,499558934,0,"[589243215, 517912178, 517912181, 377716599, 377716601]",True,"['3', '2']",trunk,False,534.2049999999999,"LINESTRING (114.0135251 22.565275, 114.0137836 22.5646683, 114.0138573 22.5644839, 114.0139125 22.5643138, 114.0140246 22.5639791, 114.0141182 22.5636558, 114.0141975 22.563366, 114.0142734 22.5630366, 114.0143497 22.5627012, 114.0144092 22.5623473, 114.0144819 22.5619014, 114.0145149 22.5616696, 114.0145808 22.5612285, 114.0146766 22.5606082)",S3111,福龙路,60,yes
499559174,5273698062,0,393911167,True,,trunk,False,564.292,"LINESTRING (114.0196996 22.5602462, 114.018981 22.5602512, 114.0181415 22.5602837, 114.0173735 22.5603097, 114.0166618 22.5603124, 114.0162104 22.5603021, 114.0158627 22.5602788, 114.0151041 22.5602095, 114.0145642 22.5601368, 114.0142217 22.560079)",G107,北环大道,,
499559430,499558934,0,545681201,True,2,trunk_link,False,291.572,"LINESTRING (114.0143004 22.5602416, 114.0140967 22.5602397, 114.0139451 22.5602552, 114.0138266 22.5603003, 114.013728 22.5603712, 114.0136472 22.5604654, 114.0135936 22.5605804, 114.0135754 22.5607105, 114.0135822 22.5608271, 114.0136192 22.5609438, 114.0136928 22.5610505, 114.0137903 22.5611355, 114.0138969 22.5611965, 114.0140299 22.5612302, 114.0141671 22.5612267, 114.0143105 22.5611829, 114.0144335 22.5610954, 114.0145257 22.5609812, 114.0146026 22.5608262, 114.0146766 22.5606082)",,,,
499559430,5273698063,0,996207975,True,1,primary,False,155.258,"LINESTRING (114.0143004 22.5602416, 114.0136971 22.5601501, 114.0129108 22.5600369, 114.0128089 22.5600143)",,北环大道辅路,,
1476460500,1476460518,0,329066209,True,1,trunk_link,False,73.417,"LINESTRING (114.0191755 22.5604034, 114.0184892 22.5605885)",,,,
1476460500,1476460562,0,"[589243220, 545781206, 134218046, 134218047]",True,1,trunk_link,False,589.863,"LINESTRING (114.0191755 22.5604034, 114.018903 22.5604172, 114.0184901 22.560438, 114.0175254 22.5605026, 114.016923 22.5605437, 114.0163625 22.5605829, 114.0159973 22.5606177, 114.0156835 22.5606997, 114.015429 22.5608122, 114.015271 22.5609016, 114.015121 22.5610334, 114.0150265 22.561127, 114.0149454 22.561224, 114.0148393 22.5613835, 114.0147927 22.561494, 114.0147558 22.5616047, 114.0147254 22.5617168, 114.0146974 22.5618505, 114.014646 22.5620661, 114.0145583 22.5623477)",,,,yes
1476460518,8512883941,0,377719593,True,1,primary,False,97.857,"LINESTRING (114.0184892 22.5605885, 114.0179889 22.5605948, 114.017616 22.5606115, 114.0175368 22.560615)",,北环大道辅路,,
1476460562,1476460614,0,"[517912180, 589243222]",True,3,trunk,False,403.543,"LINESTRING (114.0145583 22.5623477, 114.0143916 22.5633645, 114.0143258 22.5636692, 114.0140449 22.5648451, 114.0140013 22.565014, 114.0139446 22.5652014, 114.0138716 22.5654097, 114.013708 22.565885)",S3111,福龙路,,yes
1476460594,499559006,0,"[545681205, 134218037, 545681206]",True,1,trunk_link,False,357.43000000000006,"LINESTRING (114.0137583 22.5643484, 114.0138155 22.5637578, 114.0138412 22.5635937, 114.0139284 22.5631249, 114.0140107 22.562611, 114.0140182 22.5623643, 114.0140042 22.562236, 114.0139773 22.5620666, 114.013928 22.561929, 114.0137133 22.5614849, 114.0135716 22.5612348)",,,,yes
2535930072,5053181226,0,517912183,False,,residential,False,47.646,"LINESTRING (114.0075415 22.5619641, 114.0078995 22.5622367)",,莲塘尾一路,,
2552479791,2552479927,0,248452025,False,,residential,True,16.943,"LINESTRING (114.0034128 22.5655283, 114.00357 22.5655746)",,,,
2552479792,2552479977,0,248452027,False,,residential,True,212.24699999999999,"LINESTRING (114.0052475 22.5671605, 114.0054218 22.5669203, 114.0054889 22.5668633, 114.0057088 22.5667766, 114.0057812 22.5667321, 114.0058241 22.5666776, 114.0058751 22.5665141, 114.0060629 22.565833, 114.0061532 22.5655511)",,,,
2552479841,2552479992,0,248452022,False,,residential,False,18.882,"LINESTRING (114.0052779 22.5642787, 114.0050946 22.5642651)",,,,
2552479841,2552479977,0,248452027,False,,residential,False,189.611,"LINESTRING (114.0052779 22.5642787, 114.0053762 22.5644509, 114.0053709 22.5645326, 114.0053923 22.5647184, 114.0054755 22.5647927, 114.0058885 22.5649933, 114.0061487 22.5651766, 114.0062104 22.5652583, 114.0062211 22.5653302, 114.006197 22.5654144, 114.0061532 22.5655511)",,,,
2552479841,2552479944,0,"[248452018, 248452027]",False,,residential,True,74.01,"LINESTRING (114.0052779 22.5642787, 114.0050678 22.5639679, 114.0048482 22.5637479)",,,,yes
2552479842,2552479944,0,248452024,False,,residential,False,34.927,"LINESTRING (114.0049081 22.5634387, 114.0048482 22.5637479)",,,,
2552479842,5053181252,0,517912058,False,,unclassified,False,393.825,"LINESTRING (114.0049081 22.5634387, 114.0048289 22.5634289, 114.003881 22.5632797, 114.0037798 22.5632671, 114.003608 22.563255, 114.0034787 22.5632802, 114.0030946 22.563719, 114.0028091 22.5642607, 114.0027198 22.56435, 114.0026074 22.5644088, 114.0020898 22.5642221, 114.0019928 22.5641328, 114.0018762 22.564018)",,正尾路,,
2552479842,5053181226,0,517912058,False,,unclassified,True,386.9789999999999,"LINESTRING (114.0049081 22.5634387, 114.0049686 22.5634463, 114.0050933 22.5634463, 114.0052444 22.563394, 114.0053842 22.5633277, 114.0055277 22.5632754, 114.0057052 22.5632823, 114.0058714 22.5633137, 114.0060452 22.5633521, 114.0061963 22.5633661, 114.006287 22.5633556, 114.0063701 22.5633277, 114.0067554 22.5631777, 114.0068687 22.5631533, 114.0069631 22.5631498, 114.0073385 22.5631549, 114.0074436 22.5631469, 114.0075053 22.5631264, 114.0075698 22.5630806, 114.0076127 22.5630294, 114.0076458 22.5629695, 114.0076618 22.5628891, 114.0076681 22.562772, 114.0076701 22.5626773, 114.0076814 22.5626055, 114.0077126 22.5625298, 114.0078995 22.5622367)",,正尾路,,
2552479927,2552479791,0,248452025,False,,residential,False,16.943,"LINESTRING (114.00357 22.5655746, 114.0034128 22.5655283)",,,,
2552479927,2552479935,0,248452024,False,,residential,False,480.24799999999993,"LINESTRING (114.00357 22.5655746, 114.0035094 22.5656769, 114.0033002 22.5659073, 114.0031983 22.5660484, 114.0030373 22.5665661, 114.0030105 22.5667593, 114.0030346 22.5668509, 114.0030776 22.5668683, 114.0031151 22.5668435, 114.00315 22.5667742, 114.003217 22.5667172, 114.0034718 22.5666478, 114.0035657 22.5666503, 114.0036408 22.566685, 114.0036998 22.5667296, 114.0036998 22.5667692, 114.0036677 22.5668138, 114.0035282 22.5669178, 114.0034584 22.5669748, 114.0032734 22.5672249, 114.0030722 22.5674181, 114.0029569 22.5674999, 114.0028979 22.5675147, 114.0028844 22.567537, 114.0029086 22.5675692, 114.0029569 22.5675791, 114.0030642 22.5675519, 114.0033029 22.5675123, 114.003732 22.5674479, 114.0039842 22.5674429)",,,,
2552479927,2552479944,0,248452024,False,,residential,True,246.903,"LINESTRING (114.00357 22.5655746, 114.0035942 22.5654981, 114.003606 22.5653203, 114.0036596 22.5652038, 114.0037615 22.5651147, 114.0040995 22.5645698, 114.0042416 22.5644236, 114.004475 22.5642057, 114.0046225 22.564067, 114.0048482 22.5637479)",,,,
2552479935,2552479927,0,248452024,False,,residential,True,480.24800000000005,"LINESTRING (114.0039842 22.5674429, 114.003732 22.5674479, 114.0033029 22.5675123, 114.0030642 22.5675519, 114.0029569 22.5675791, 114.0029086 22.5675692, 114.0028844 22.567537, 114.0028979 22.5675147, 114.0029569 22.5674999, 114.0030722 22.5674181, 114.0032734 22.5672249, 114.0034584 22.5669748, 114.0035282 22.5669178, 114.0036677 22.5668138, 114.0036998 22.5667692, 114.0036998 22.5667296, 114.0036408 22.566685, 114.0035657 22.5666503, 114.0034718 22.5666478, 114.003217 22.5667172, 114.00315 22.5667742, 114.0031151 22.5668435, 114.0030776 22.5668683, 114.0030346 22.5668509, 114.0030105 22.5667593, 114.0030373 22.5665661, 114.0031983 22.5660484, 114.0033002 22.5659073, 114.0035094 22.5656769, 114.00357 22.5655746)",,,,
2552479944,2552479842,0,248452024,False,,residential,True,34.927,"LINESTRING (114.0048482 22.5637479, 114.0049081 22.5634387)",,,,
2552479944,2552479841,0,"[248452018, 248452027]",False,,residential,False,74.01,"LINESTRING (114.0048482 22.5637479, 114.0050678 22.5639679, 114.0052779 22.5642787)",,,,yes
2552479944,2552479927,0,248452024,False,,residential,False,246.90299999999996,"LINESTRING (114.0048482 22.5637479, 114.0046225 22.564067, 114.004475 22.5642057, 114.0042416 22.5644236, 114.0040995 22.5645698, 114.0037615 22.5651147, 114.0036596 22.5652038, 114.003606 22.5653203, 114.0035942 22.5654981, 114.00357 22.5655746)",,,,
2552479949,2552479977,0,248452017,False,,residential,True,188.97699999999998,"LINESTRING (114.0049202 22.5667494, 114.0050731 22.5667172, 114.0051536 22.5666701, 114.0052743 22.5665909, 114.0053923 22.5664423, 114.0054379 22.5663655, 114.0055452 22.5662862, 114.0056444 22.5662218, 114.0057169 22.5661228, 114.0058912 22.5658825, 114.0060146 22.5657165, 114.0061532 22.5655511)",,,,
2552479977,2552479949,0,248452017,False,,residential,False,188.97700000000003,"LINESTRING (114.0061532 22.5655511, 114.0060146 22.5657165, 114.0058912 22.5658825, 114.0057169 22.5661228, 114.0056444 22.5662218, 114.0055452 22.5662862, 114.0054379 22.5663655, 114.0053923 22.5664423, 114.0052743 22.5665909, 114.0051536 22.5666701, 114.0050731 22.5667172, 114.0049202 22.5667494)",,,,
2552479977,2552479792,0,248452027,False,,residential,False,212.24699999999999,"LINESTRING (114.0061532 22.5655511, 114.0060629 22.565833, 114.0058751 22.5665141, 114.0058241 22.5666776, 114.0057812 22.5667321, 114.0057088 22.5667766, 114.0054889 22.5668633, 114.0054218 22.5669203, 114.0052475 22.5671605)",,,,
2552479977,2552479841,0,248452027,False,,residential,True,189.61100000000002,"LINESTRING (114.0061532 22.5655511, 114.006197 22.5654144, 114.0062211 22.5653302, 114.0062104 22.5652583, 114.0061487 22.5651766, 114.0058885 22.5649933, 114.0054755 22.5647927, 114.0053923 22.5647184, 114.0053709 22.5645326, 114.0053762 22.5644509, 114.0052779 22.5642787)",,,,
2552479992,2552479841,0,248452022,False,,residential,True,18.882,"LINESTRING (114.0050946 22.5642651, 114.0052779 22.5642787)",,,,
5053179212,2535930072,0,780036984,True,,tertiary,False,256.13800000000003,"LINESTRING (114.0089231 22.5600493, 114.0087712 22.5602773, 114.0081468 22.5612144, 114.0080535 22.5613457, 114.0079541 22.5614695, 114.0075415 22.5619641)",,安托山九路,,
5053181223,5053181309,0,517912081,False,,residential,False,130.929,"LINESTRING (114.0111544 22.5661719, 114.0123603 22.5657893)",,莲塘尾二路,,
5053181223,5053181284,0,517912081,False,,residential,True,174.307,"LINESTRING (114.0111544 22.5661719, 114.0095432 22.5666655)",,莲塘尾二路,,
5053181223,5053181274,0,545681209,False,,residential,True,112.447,"LINESTRING (114.0111544 22.5661719, 114.0108301 22.565206)",,莲塘尾一路,,
5053181223,5053181447,0,517912097,False,,residential,False,276.554,"LINESTRING (114.0111544 22.5661719, 114.0112131 22.566206, 114.01128 22.5662251, 114.0113619 22.5662328, 114.0115134 22.566229, 114.0115746 22.5662346, 114.0116296 22.5662515, 114.0116755 22.566279, 114.0117112 22.566314, 114.0120843 22.5668208, 114.0120975 22.5668608, 114.0120975 22.5668973, 114.0120962 22.5669315, 114.0120796 22.5669657, 114.0119278 22.5671506, 114.0119163 22.567391, 114.0116918 22.5678221, 114.0116497 22.5678587, 114.0115948 22.5678822, 114.0115553 22.5678964, 114.0115042 22.5679034, 114.0114787 22.5679034)",,,,
5053181226,2535930072,0,517912183,False,,residential,True,47.646,"LINESTRING (114.0078995 22.5622367, 114.0075415 22.5619641)",,莲塘尾一路,,
5053181226,2552479842,0,517912058,False,,unclassified,False,386.979,"LINESTRING (114.0078995 22.5622367, 114.0077126 22.5625298, 114.0076814 22.5626055, 114.0076701 22.5626773, 114.0076681 22.562772, 114.0076618 22.5628891, 114.0076458 22.5629695, 114.0076127 22.5630294, 114.0075698 22.5630806, 114.0075053 22.5631264, 114.0074436 22.5631469, 114.0073385 22.5631549, 114.0069631 22.5631498, 114.0068687 22.5631533, 114.0067554 22.5631777, 114.0063701 22.5633277, 114.006287 22.5633556, 114.0061963 22.5633661, 114.0060452 22.5633521, 114.0058714 22.5633137, 114.0057052 22.5632823, 114.0055277 22.5632754, 114.0053842 22.5633277, 114.0052444 22.563394, 114.0050933 22.5634463, 114.0049686 22.5634463, 114.0049081 22.5634387)",,正尾路,,
5053181226,5053181275,0,517912183,False,,residential,False,392.671,"LINESTRING (114.0078995 22.5622367, 114.0086572 22.5628238, 114.0087683 22.5629022, 114.0088835 22.5629693, 114.0090106 22.5630338, 114.009154 22.5630934, 114.0092892 22.5631417, 114.009751 22.5633148, 114.009895 22.5633681, 114.0100158 22.563421, 114.0101305 22.5634833, 114.0102472 22.5635528, 114.0103558 22.5636335, 114.0104333 22.5637063, 114.0105291 22.5638021, 114.0106036 22.5638918, 114.010666 22.5639759, 114.0107159 22.5640469, 114.0107617 22.5641368, 114.0107993 22.5642304, 114.0108287 22.564339)",,莲塘尾一路,,
5053181252,2552479842,0,517912058,False,,unclassified,True,393.825,"LINESTRING (114.0018762 22.564018, 114.0019928 22.5641328, 114.0020898 22.5642221, 114.0026074 22.5644088, 114.0027198 22.56435, 114.0028091 22.5642607, 114.0030946 22.563719, 114.0034787 22.5632802, 114.003608 22.563255, 114.0037798 22.5632671, 114.003881 22.5632797, 114.0048289 22.5634289, 114.0049081 22.5634387)",,正尾路,,
5053181252,5053181727,0,517912139,False,,residential,False,94.642,"LINESTRING (114.0018762 22.564018, 114.0017403 22.5643841, 114.0017289 22.5648481)",,,,
5053181252,5053181733,0,517912141,False,,residential,False,93.72999999999999,"LINESTRING (114.0018762 22.564018, 114.0018559 22.5639436, 114.0018458 22.5638614, 114.0018458 22.5637754, 114.0018579 22.5636857, 114.0019308 22.563437, 114.0020644 22.5632202)",,,,
5053181274,5053181223,0,545681209,False,,residential,False,112.447,"LINESTRING (114.0108301 22.565206, 114.0111544 22.5661719)",,莲塘尾一路,,
5053181274,5053181472,0,517912117,False,,residential,False,205.59799999999998,"LINESTRING (114.0108301 22.565206, 114.0101431 22.5653074, 114.0100688 22.5653184, 114.0100034 22.5653651, 114.0099172 22.5654227, 114.0098429 22.5654584, 114.0097537 22.5654776, 114.0096824 22.5654556, 114.0096438 22.5654172, 114.0091301 22.5649318)",,,,
5053181274,5053181448,0,545681209,False,,residential,True,86.41,"LINESTRING (114.0108301 22.565206, 114.0108424 22.5645357, 114.0108416 22.564429)",,莲塘尾一路,,
5053181275,5053181448,0,545681209,False,,residential,False,10.095,"LINESTRING (114.0108287 22.564339, 114.0108416 22.564429)",,莲塘尾一路,,
5053181275,5053181472,0,517912071,False,,residential,False,189.75199999999998,"LINESTRING (114.0108287 22.564339, 114.0105105 22.5644311, 114.0094517 22.5647053, 114.0093351 22.5647464, 114.0092439 22.5648077, 114.0091871 22.5648555, 114.0091301 22.5649318)",,莲塘尾一路,,
5053181275,5053181226,0,517912183,False,,residential,True,392.67100000000005,"LINESTRING (114.0108287 22.564339, 114.0107993 22.5642304, 114.0107617 22.5641368, 114.0107159 22.5640469, 114.010666 22.5639759, 114.0106036 22.5638918, 114.0105291 22.5638021, 114.0104333 22.5637063, 114.0103558 22.5636335, 114.0102472 22.5635528, 114.0101305 22.5634833, 114.0100158 22.563421, 114.009895 22.5633681, 114.009751 22.5633148, 114.0092892 22.5631417, 114.009154 22.5630934, 114.0090106 22.5630338, 114.0088835 22.5629693, 114.0087683 22.5629022, 114.0086572 22.5628238, 114.0078995 22.5622367)",,莲塘尾一路,,
5053181284,5053181223,0,517912081,False,,residential,False,174.307,"LINESTRING (114.0095432 22.5666655, 114.0111544 22.5661719)",,莲塘尾二路,,
5053181284,5053181472,0,517912071,False,,residential,True,206.51699999999997,"LINESTRING (114.0095432 22.5666655, 114.009479 22.566513, 114.0090437 22.5654797, 114.0090022 22.5653674, 114.0089898 22.565253, 114.0090048 22.5651568, 114.0090416 22.565066, 114.0091301 22.5649318)",,莲塘尾一路,,
5053181284,5053181306,0,"[780036985, 996207977]",False,,residential,False,514.326,"LINESTRING (114.0095432 22.5666655, 114.0100757 22.5683188, 114.0099928 22.5683416, 114.0098926 22.5683687, 114.0097873 22.5683929, 114.0096879 22.5684099, 114.009583 22.5684222, 114.009476 22.5684301, 114.0081519 22.5684276, 114.0080347 22.5683999, 114.0079505 22.5683499, 114.0078724 22.568275, 114.0078544 22.5681862, 114.0078634 22.5681113, 114.0078874 22.5680447, 114.0079025 22.5679753, 114.0079355 22.5679031, 114.0079325 22.5678227, 114.0078994 22.5677366, 114.0078484 22.5676867, 114.0077462 22.5676673, 114.007659 22.5676562)",,莲塘尾一路,,
5053181306,5053181284,0,"[780036985, 996207977]",False,,residential,True,514.326,"LINESTRING (114.007659 22.5676562, 114.0077462 22.5676673, 114.0078484 22.5676867, 114.0078994 22.5677366, 114.0079325 22.5678227, 114.0079355 22.5679031, 114.0079025 22.5679753, 114.0078874 22.5680447, 114.0078634 22.5681113, 114.0078544 22.5681862, 114.0078724 22.568275, 114.0079505 22.5683499, 114.0080347 22.5683999, 114.0081519 22.5684276, 114.009476 22.5684301, 114.009583 22.5684222, 114.0096879 22.5684099, 114.0097873 22.5683929, 114.0098926 22.5683687, 114.0099928 22.5683416, 114.0100757 22.5683188, 114.0095432 22.5666655)",,莲塘尾一路,,
5053181309,5053181223,0,517912081,False,,residential,True,130.929,"LINESTRING (114.0123603 22.5657893, 114.0111544 22.5661719)",,莲塘尾二路,,
5053181309,5053181820,0,916571590,False,3,residential,False,14.439,"LINESTRING (114.0123603 22.5657893, 114.0124939 22.5657488)",,莲塘尾三路,,
5053181309,5053181448,0,996207986,False,,residential,False,259.213,"LINESTRING (114.0123603 22.5657893, 114.0122962 22.5655619, 114.0120744 22.5647993, 114.0120341 22.5646944, 114.0119678 22.5646093, 114.0118972 22.5645432, 114.0118121 22.5644891, 114.0117063 22.5644565, 114.0115848 22.564447, 114.0114459 22.5644449, 114.0108416 22.564429)",,莲塘尾二路,,
5053181447,5053181223,0,517912097,False,,residential,True,276.554,"LINESTRING (114.0114787 22.5679034, 114.0115042 22.5679034, 114.0115553 22.5678964, 114.0115948 22.5678822, 114.0116497 22.5678587, 114.0116918 22.5678221, 114.0119163 22.567391, 114.0119278 22.5671506, 114.0120796 22.5669657, 114.0120962 22.5669315, 114.0120975 22.5668973, 114.0120975 22.5668608, 114.0120843 22.5668208, 114.0117112 22.566314, 114.0116755 22.566279, 114.0116296 22.5662515, 114.0115746 22.5662346, 114.0115134 22.566229, 114.0113619 22.5662328, 114.01128 22.5662251, 114.0112131 22.566206, 114.0111544 22.5661719)",,,,
5053181448,5053181275,0,545681209,False,,residential,True,10.095,"LINESTRING (114.0108416 22.564429, 114.0108287 22.564339)",,莲塘尾一路,,
5053181448,5053181274,0,545681209,False,,residential,False,86.41,"LINESTRING (114.0108416 22.564429, 114.0108424 22.5645357, 114.0108301 22.565206)",,莲塘尾一路,,
5053181448,5053181309,0,996207986,False,,residential,True,259.213,"LINESTRING (114.0108416 22.564429, 114.0114459 22.5644449, 114.0115848 22.564447, 114.0117063 22.5644565, 114.0118121 22.5644891, 114.0118972 22.5645432, 114.0119678 22.5646093, 114.0120341 22.5646944, 114.0120744 22.5647993, 114.0122962 22.5655619, 114.0123603 22.5657893)",,莲塘尾二路,,
5053181472,5053181284,0,517912071,False,,residential,False,206.517,"LINESTRING (114.0091301 22.5649318, 114.0090416 22.565066, 114.0090048 22.5651568, 114.0089898 22.565253, 114.0090022 22.5653674, 114.0090437 22.5654797, 114.009479 22.566513, 114.0095432 22.5666655)",,莲塘尾一路,,
5053181472,5053181275,0,517912071,False,,residential,True,189.752,"LINESTRING (114.0091301 22.5649318, 114.0091871 22.5648555, 114.0092439 22.5648077, 114.0093351 22.5647464, 114.0094517 22.5647053, 114.0105105 22.5644311, 114.0108287 22.564339)",,莲塘尾一路,,
5053181472,5053181274,0,517912117,False,,residential,True,205.59799999999996,"LINESTRING (114.0091301 22.5649318, 114.0096438 22.5654172, 114.0096824 22.5654556, 114.0097537 22.5654776, 114.0098429 22.5654584, 114.0099172 22.5654227, 114.0100034 22.5653651, 114.0100688 22.5653184, 114.0101431 22.5653074, 114.0108301 22.565206)",,,,
5053181727,5053181252,0,517912139,False,,residential,True,94.642,"LINESTRING (114.0017289 22.5648481, 114.0017403 22.5643841, 114.0018762 22.564018)",,,,
5053181733,5053181747,0,517912141,False,,residential,False,118.385,"LINESTRING (114.0020644 22.5632202, 114.0021613 22.5631009, 114.0022223 22.563065, 114.0022972 22.5630146, 114.0023498 22.562979, 114.0024025 22.5629454, 114.002443 22.5629005, 114.0024571 22.5628501, 114.0024591 22.5628071, 114.0024571 22.562751, 114.0024531 22.5626874, 114.0024247 22.5625958, 114.0024207 22.5625454, 114.0024187 22.5624781, 114.0024268 22.562321)",,,,
5053181733,5053181252,0,517912141,False,,residential,True,93.73,"LINESTRING (114.0020644 22.5632202, 114.0019308 22.563437, 114.0018579 22.5636857, 114.0018458 22.5637754, 114.0018458 22.5638614, 114.0018559 22.5639436, 114.0018762 22.564018)",,,,
5053181733,5053181755,0,517912144,False,,residential,False,101.904,"LINESTRING (114.0020644 22.5632202, 114.0025995 22.56302, 114.0026477 22.5629903, 114.0026861 22.5629492, 114.0027071 22.562916, 114.0027195 22.5628715, 114.0027195 22.5628235, 114.0027115 22.5627292, 114.0027003 22.5626818)",,,,
5053181747,5053181733,0,517912141,False,,residential,True,118.38499999999999,"LINESTRING (114.0024268 22.562321, 114.0024187 22.5624781, 114.0024207 22.5625454, 114.0024247 22.5625958, 114.0024531 22.5626874, 114.0024571 22.562751, 114.0024591 22.5628071, 114.0024571 22.5628501, 114.002443 22.5629005, 114.0024025 22.5629454, 114.0023498 22.562979, 114.0022972 22.5630146, 114.0022223 22.563065, 114.0021613 22.5631009, 114.0020644 22.5632202)",,,,
5053181755,5053181733,0,517912144,False,,residential,True,101.904,"LINESTRING (114.0027003 22.5626818, 114.0027115 22.5627292, 114.0027195 22.5628235, 114.0027195 22.5628715, 114.0027071 22.562916, 114.0026861 22.5629492, 114.0026477 22.5629903, 114.0025995 22.56302, 114.0020644 22.5632202)",,,,
5053181820,5053181309,0,916571590,False,3,residential,True,14.439,"LINESTRING (114.0124939 22.5657488, 114.0123603 22.5657893)",,莲塘尾三路,,
5053181820,5053181947,0,517912176,False,,unclassified,False,481.76,"LINESTRING (114.0124939 22.5657488, 114.0123531 22.5652907, 114.0122847 22.5651026, 114.0121861 22.5645695, 114.0121661 22.5644586, 114.0121289 22.5643345, 114.0120946 22.5642448, 114.0120832 22.564184, 114.012086 22.5641207, 114.0120975 22.5640573, 114.0121261 22.5640098, 114.0121775 22.5639623, 114.0122547 22.5639121, 114.0129122 22.563561, 114.0129515 22.5635314, 114.0129815 22.5635037, 114.013013 22.5634678, 114.0130474 22.5634152, 114.0132677 22.5627621, 114.0133067 22.5627136, 114.0133351 22.5626721, 114.0134145 22.5626016, 114.0135539 22.5624701, 114.0136723 22.5623843, 114.0137682 22.562347, 114.0138716 22.5623331, 114.013954 22.5623221)",,莲塘尾三路,,
5053181820,8512883930,0,"[916571586, 929768476, 916571589, 916571590]",False,3,residential,False,900.4429999999998,"LINESTRING (114.0124939 22.5657488, 114.0127981 22.5656565, 114.012871 22.5656339, 114.0129404 22.5656104, 114.0129971 22.5655859, 114.0130483 22.5655588, 114.013102 22.5655253, 114.0131464 22.5654898, 114.0131884 22.5654434, 114.0132246 22.5653884, 114.0132538 22.5653334, 114.0132783 22.5652731, 114.0132974 22.5652146, 114.0133467 22.5650411, 114.0133867 22.5648889, 114.0134298 22.5647082, 114.0134613 22.564563, 114.0134868 22.564428, 114.0135079 22.5642905, 114.013619 22.5634821, 114.0136225 22.5634384, 114.013629 22.5634027, 114.0136384 22.5633695, 114.0136511 22.5633401, 114.0136689 22.5633105, 114.0136932 22.5632738, 114.013715 22.5632456, 114.0137423 22.563221, 114.0137752 22.5632, 114.013812 22.5631839, 114.013855 22.5631721, 114.0138992 22.5631659, 114.0139515 22.5631647, 114.0139988 22.56317, 114.0144041 22.5632279, 114.0144656 22.5632327, 114.0145215 22.5632327, 114.0145662 22.5632289, 114.0146221 22.5632186, 114.0146567 22.5632064, 114.0146943 22.5631839, 114.0147298 22.5631529, 114.0147553 22.5631182, 114.0147736 22.5630619, 114.0147827 22.5630234, 114.0147942 22.5629671, 114.0149786 22.5618673, 114.0149928 22.5618036, 114.0150193 22.5617333, 114.0150512 22.5616679, 114.0150901 22.5616009, 114.015145 22.5615208, 114.0153182 22.5613434, 114.0153873 22.561278, 114.0154616 22.5612208, 114.0155411 22.5611772, 114.0156298 22.5611363, 114.0157396 22.5610942, 114.0158458 22.5610694, 114.0159661 22.5610554, 114.0160875 22.5610489, 114.0172369 22.561024, 114.0173019 22.5610071, 114.0173608 22.5609771, 114.0174137 22.5609302, 114.0174442 22.5608776, 114.0174523 22.560795)",,莲塘尾三路,30,yes
5053181947,5053181820,0,517912176,False,,unclassified,True,481.75999999999993,"LINESTRING (114.013954 22.5623221, 114.0138716 22.5623331, 114.0137682 22.562347, 114.0136723 22.5623843, 114.0135539 22.5624701, 114.0134145 22.5626016, 114.0133351 22.5626721, 114.0133067 22.5627136, 114.0132677 22.5627621, 114.0130474 22.5634152, 114.013013 22.5634678, 114.0129815 22.5635037, 114.0129515 22.5635314, 114.0129122 22.563561, 114.0122547 22.5639121, 114.0121775 22.5639623, 114.0121261 22.5640098, 114.0120975 22.5640573, 114.012086 22.5641207, 114.0120832 22.564184, 114.0120946 22.5642448, 114.0121289 22.5643345, 114.0121661 22.5644586, 114.0121861 22.5645695, 114.0122847 22.5651026, 114.0123531 22.5652907, 114.0124939 22.5657488)",,莲塘尾三路,,
5053181972,8512883930,0,517912177,False,,unclassified,False,383.1259999999999,"LINESTRING (114.015467 22.5613191, 114.0167084 22.5618656, 114.0167639 22.561868, 114.0168405 22.5618509, 114.0168986 22.5618217, 114.0171707 22.5616631, 114.0172288 22.5616436, 114.0173292 22.5616412, 114.0173899 22.5616534, 114.0174108 22.5616516, 114.0179202 22.5614705, 114.0179529 22.5614509, 114.0179652 22.5614324, 114.0179508 22.5613776, 114.01794 22.5613444, 114.0178735 22.5612929, 114.0177711 22.5612299, 114.0177172 22.5612183, 114.0176902 22.5611768, 114.017683 22.5610806, 114.0176741 22.5609249, 114.0175471 22.5607879, 114.0174523 22.560795)",,,,
5273698062,5273698063,0,545681202,True,,trunk_link,False,145.253,"LINESTRING (114.0142217 22.560079, 114.0128089 22.5600143)",,,,
8512883930,8512883931,0,929768476,False,3,residential,False,8.063,"LINESTRING (114.0174523 22.560795, 114.0174536 22.5607225)",,莲塘尾三路,30,
8512883930,5053181972,0,517912177,False,,unclassified,True,383.12600000000003,"LINESTRING (114.0174523 22.560795, 114.0175471 22.5607879, 114.0176741 22.5609249, 114.017683 22.5610806, 114.0176902 22.5611768, 114.0177172 22.5612183, 114.0177711 22.5612299, 114.0178735 22.5612929, 114.01794 22.5613444, 114.0179508 22.5613776, 114.0179652 22.5614324, 114.0179529 22.5614509, 114.0179202 22.5614705, 114.0174108 22.5616516, 114.0173899 22.5616534, 114.0173292 22.5616412, 114.0172288 22.5616436, 114.0171707 22.5616631, 114.0168986 22.5618217, 114.0168405 22.5618509, 114.0167639 22.561868, 114.0167084 22.5618656, 114.015467 22.5613191)",,,,
8512883930,5053181820,0,"[916571586, 929768476, 916571589, 916571590]",False,3,residential,True,900.4429999999998,"LINESTRING (114.0174523 22.560795, 114.0174442 22.5608776, 114.0174137 22.5609302, 114.0173608 22.5609771, 114.0173019 22.5610071, 114.0172369 22.561024, 114.0160875 22.5610489, 114.0159661 22.5610554, 114.0158458 22.5610694, 114.0157396 22.5610942, 114.0156298 22.5611363, 114.0155411 22.5611772, 114.0154616 22.5612208, 114.0153873 22.561278, 114.0153182 22.5613434, 114.015145 22.5615208, 114.0150901 22.5616009, 114.0150512 22.5616679, 114.0150193 22.5617333, 114.0149928 22.5618036, 114.0149786 22.5618673, 114.0147942 22.5629671, 114.0147827 22.5630234, 114.0147736 22.5630619, 114.0147553 22.5631182, 114.0147298 22.5631529, 114.0146943 22.5631839, 114.0146567 22.5632064, 114.0146221 22.5632186, 114.0145662 22.5632289, 114.0145215 22.5632327, 114.0144656 22.5632327, 114.0144041 22.5632279, 114.0139988 22.56317, 114.0139515 22.5631647, 114.0138992 22.5631659, 114.013855 22.5631721, 114.013812 22.5631839, 114.0137752 22.5632, 114.0137423 22.563221, 114.013715 22.5632456, 114.0136932 22.5632738, 114.0136689 22.5633105, 114.0136511 22.5633401, 114.0136384 22.5633695, 114.013629 22.5634027, 114.0136225 22.5634384, 114.013619 22.5634821, 114.0135079 22.5642905, 114.0134868 22.564428, 114.0134613 22.564563, 114.0134298 22.5647082, 114.0133867 22.5648889, 114.0133467 22.5650411, 114.0132974 22.5652146, 114.0132783 22.5652731, 114.0132538 22.5653334, 114.0132246 22.5653884, 114.0131884 22.5654434, 114.0131464 22.5654898, 114.013102 22.5655253, 114.0130483 22.5655588, 114.0129971 22.5655859, 114.0129404 22.5656104, 114.012871 22.5656339, 114.0127981 22.5656565, 114.0124939 22.5657488)",,莲塘尾三路,30,yes
8512883931,8512883930,0,929768476,False,3,residential,True,8.063,"LINESTRING (114.0174536 22.5607225, 114.0174523 22.560795)",,莲塘尾三路,30,
8512883931,8512883936,0,916571587,True,1,residential,False,17.407,"LINESTRING (114.0174536 22.5607225, 114.0174461 22.5606889, 114.0174343 22.5606638, 114.0174124 22.560644, 114.017385 22.5606296, 114.017345 22.5606234)",,,,
8512883936,499559430,0,996207979,True,1,primary,False,316.642,"LINESTRING (114.017345 22.5606234, 114.0172843 22.560626, 114.0169594 22.5606279, 114.0168188 22.5606076, 114.0166646 22.5605664, 114.0163263 22.5604735, 114.0161655 22.5604577, 114.0159467 22.5604395, 114.0152935 22.5603807, 114.0145199 22.5602741, 114.0143004 22.5602416)",,北环大道辅路,,
8512883941,8512883936,0,996207976,True,1,primary,False,19.717,"LINESTRING (114.0175368 22.560615, 114.017345 22.5606234)",,北环大道辅路,,
8512883941,8512883931,0,916571588,True,1,residential,False,15.605999999999998,"LINESTRING (114.0175368 22.560615, 114.0175075 22.5606268, 114.017489 22.5606403, 114.0174736 22.5606638, 114.0174636 22.5606887, 114.0174536 22.5607225)",,,,
